{"ALPosition":"Top","PanelButtonPosition":"Top","ClockPosition":"Top","titlebarlayout":3,"borderleftlayout":3,"borderrightlayout":3,"borderbottomlayout":3,"closebtnlayout":3,"rollbtnlayout":3,"minbtnlayout":3,"rightcornerlayout":3,"leftcornerlayout":3,"bottomleftcornerlayout":3,"bottomrightcornerlayout":3,"bottomleftcornercolour":"Gray","bottomrightcornercolour":"Gray","enablebordercorners":false,"closebtnsize":"22, 22","rollbtnsize":"22, 22","minbtnsize":"22, 22","titlebarheight":30,"titlebariconsize":16,"closebtnfromtop":5,"closebtnfromside":2,"rollbtnfromtop":5,"rollbtnfromside":26,"minbtnfromtop":5,"minbtnfromside":52,"borderwidth":2,"enablecorners":false,"titlebarcornerwidth":5,"titleiconfromside":4,"titleiconfromtop":4,"titlebarcolour":"Gray","borderleftcolour":"Gray","borderrightcolour":"Gray","borderbottomcolour":"Gray","closebtncolour":"Black","closebtnhovercolour":"Black","closebtnclickcolour":"Black","rollbtncolour":"Black","rollbtnhovercolour":"Black","rollbtnclickcolour":"Black","minbtncolour":"Black","minbtnhovercolour":"Black","minbtnclickcolour":"Black","rightcornercolour":"Gray","leftcornercolour":"Gray","titletextfontfamily":"Microsoft Sans Serif","titletextfontsize":10,"titletextfontstyle":1,"titletextpos":"Left","titletextfromtop":3,"titletextfromside":24,"titletextcolour":"White","desktoppanelcolour":"Gray","desktopbackgroundcolour":"Blue","desktoppanelheight":24,"desktoppanelposition":"Top","clocktextcolour":"Black","clockbackgroundcolor":"Gray","panelclocktexttop":3,"panelclocktextsize":10,"panelclocktextfont":"Byington","panelclocktextstyle":1,"applauncherbuttoncolour":"Gray","applauncherbuttonclickedcolour":"Gray","applauncherbackgroundcolour":"Gray","applaunchermouseovercolour":"Gray","applicationsbuttontextcolour":"Black","applicationbuttonheight":24,"applicationbuttontextsize":10,"applicationbuttontextfont":"Byington","applicationbuttontextstyle":1,"applicationlaunchername":"Applications","titletextposition":"Left","applaunchermenuholderwidth":100,"panelbuttonicontop":3,"panelbuttoniconside":4,"panelbuttoniconsize":16,"panelbuttonheight":20,"panelbuttonwidth":185,"panelbuttoncolour":"Black","panelbuttontextcolour":"White","panelbuttontextsize":10,"panelbuttontextfont":"Byington","panelbuttontextstyle":0,"panelbuttontextside":16,"panelbuttontexttop":2,"panelbuttongap":4,"panelbuttonfromtop":2,"panelbuttoninitialgap":8,"launcheritemsize":10,"launcheritemfont":"Byington","launcheritemstyle":0,"launcheritemcolour":"Black","desktoppanellayout":3,"desktopbackgroundlayout":3,"panelclocklayout":3,"applauncherlayout":3,"panelbuttonlayout":3,"userTextboxX":171,"userTextBoxY":202,"passTextBoxX":171,"passTextBoxY":243,"loginbtnX":268,"loginbtnY":286,"shutdownbtnX":1755,"shutdownbtnY":979,"applauncherclickpath":"applauncherclick","panelbuttonpath":"panelbutton","applaunchermouseoverpath":"applaunchermouseover","applauncherpath":"applauncher","panelclockpath":"panelclock","desktopbackgroundpath":"desktopbackground","desktoppanelpath":"desktoppanel","minbtnhoverpath":"minbtnhover","minbtnclickpath":"minbtnclick","rightcornerpath":"rightcorner","titlebarpath":"titlebar","borderrightpath":"borderright","borderleftpath":"borderleft","borderbottompath":"borderbottom","closebtnpath":"closebtn","closebtnhoverpath":"closebtnhover","closebtnclickpath":"closebtnclick","rollbtnpath":"rollbtn","rollbtnhoverpath":"rollbtnhover","rollbtnclickpath":"rollbtnclick","minbtnpath":"minbtn","leftcornerpath":"leftcornerpath","bottomleftcornerpath":"bottomleftcorner","bottomrightcornerpath":"bottomrightcorner","Menu_ButtonSelectedHighlight":"Black","Menu_ButtonSelectedHighlightBorder":"Black","Menu_ButtonPressedHighlight":"Black","Menu_ButtonPressedHighlightBorder":"Black","Menu_ButtonCheckedHighlight":"White","Menu_ButtonCheckedHighlightBorder":"White","Menu_ButtonPressedBorder":"Black","Menu_ButtonSelectedBorder":"Black","Menu_ButtonCheckedGradientBegin":"White","Menu_ButtonCheckedGradientMiddle":"White","Menu_ButtonCheckedGradientEnd":"White","Menu_ButtonSelectedGradientBegin":"Black","Menu_ButtonSelectedGradientMiddle":"Black","Menu_ButtonSelectedGradientEnd":"Black","Menu_ButtonPressedGradientBegin":"Black","Menu_ButtonPressedGradientMiddle":"Black","Menu_ButtonPressedGradientEnd":"Black","Menu_CheckBackground":"White","Menu_CheckSelectedBackground":"Gray","Menu_CheckPressedBackground":"White","Menu_ImageMarginGradientBegin":"Gray","Menu_ImageMarginGradientMiddle":"Gray","Menu_ImageMarginGradientEnd":"Gray","Menu_MenuStripGradientBegin":"Gray","Menu_MenuStripGradientEnd":"Gray","Menu_MenuItemSelected":"Black","Menu_MenuItemBorder":"Gray","Menu_MenuBorder":"Gray","Menu_MenuItemSelectedGradientBegin":"Black","Menu_MenuItemSelectedGradientEnd":"Black","Menu_MenuItemPressedGradientBegin":"Black","Menu_MenuItemPressedGradientMiddle":"Black","Menu_MenuItemPressedGradientEnd":"Black","Menu_RaftingContainerGradientBegin":"Black","Menu_RaftingContainerGradientEnd":"Gray","Menu_SeparatorDark":"Black","Menu_SeparatorLight":"Black","Menu_StatusStripGradientBegin":"Gray","Menu_StatusStripGradientEnd":"Gray","Menu_ToolStripBorder":"Gray","Menu_ToolStripDropDownBackground":"Gray","Menu_ToolStripGradientBegin":"Gray","Menu_ToolStripGradientMiddle":"Gray","Menu_ToolStripGradientEnd":"Gray","Menu_ToolStripContentPanelGradientBegin":"Gray","Menu_ToolStripContentPanelGradientEnd":"Gray","Menu_ToolStripPanelGradientBegin":"Gray","Menu_ToolStripPanelGradientEnd":"Gray","Menu_TextColor":"White","TerminalTextColor":"Black","TerminalBackColor":"White","TerminalFontStyle":"Lucida Console","EmbeddedNamePackPath":"names.npk","IconTextColor":"White","WindowFadeTime":1,"WindowFadeSpeed":0.1,"WindowCloseAnimation":0,"WindowOpenAnimation":0,"DragAnimation":0,"DragFadeLevel":0.5,"DragFadeSpeed":0.1,"DragFadeInterval":1,"ShakeSpeed":10,"ShakeMaxOffset":250,"ShakeMinOffset":0,"Widgets":[],"DesktopPanels":[]}