{"dummy1":true,"dummy2":true,"dummy3":true,"dummy4":true,"gray":true,"titlebar":true,"secondssincemidnight":true,"minutessincemidnight":true,"hourssincemidnight":true,"customusername":true,"windowsanywhere":true,"multitasking":true,"autoscrollterminal":true,"movablewindows":true,"draggablewindows":true,"windowborders":true,"pmandam":true,"minuteaccuracytime":true,"splitsecondtime":true,"titletext":true,"closebutton":true,"desktoppanel":true,"clock":true,"applaunchermenu":true,"alknowledgeinput":false,"alclock":true,"alshiftorium":true,"applaunchershutdown":true,"windowedterminal":true,"desktoppanelclock":true,"terminalscrollbar":true,"kiaddons":true,"kicarbrands":true,"kigameconsoles":true,"grayshades":true,"fullgrayshadeset":true,"customgrayshades":true,"purple":true,"purpleshades":true,"fullpurpleshadeset":true,"custompurpleshades":true,"blue":true,"blueshades":true,"fullblueshadeset":true,"customblueshades":true,"green":true,"greenshades":true,"fullgreenshadeset":true,"customgreenshades":true,"yellow":true,"yellowshades":true,"fullyellowshadeset":true,"customyellowshades":true,"orange":true,"orangeshades":true,"fullorangeshadeset":true,"customorangeshades":true,"brown":true,"brownshades":true,"fullbrownshadeset":true,"custombrownshades":true,"red":true,"redshades":true,"fullredshadeset":true,"customredshades":true,"pink":true,"pinkshades":true,"fullpinkshadeset":true,"custompinkshades":true,"basiccustomshade":true,"generalcustomshades":true,"advancedcustomshades":true,"limitlesscustomshades":true,"shifter":true,"alshifter":true,"rollupcommand":true,"rollupbutton":true,"shiftdesktop":true,"shiftpanelclock":true,"shiftapplauncher":true,"shiftdesktoppanel":true,"shifttitlebar":true,"shifttitletext":true,"shifttitlebuttons":true,"shiftborders":true,"pong":true,"alpong":true,"alfileskimmer":true,"altextpad":true,"fileskimmer":true,"textpad":true,"textpadnew":true,"textpadsave":true,"textpadopen":true,"fsnewfolder":true,"fsdelete":true,"kielements":true,"panelbuttons":true,"minimizecommand":true,"minimizebutton":true,"usefulpanelbuttons":true,"artpad":true,"artpadpixellimit4":true,"artpadpixellimit8":true,"artpadpixellimit16":true,"artpadpixellimit64":true,"artpadpixellimit256":true,"artpadpixellimit1024":true,"artpadpixellimit4096":true,"artpadpixellimit16384":true,"artpadpixellimit65536":true,"artpadlimitlesspixels":true,"artpadnew":true,"artpadsave":true,"artpadload":true,"artpadundo":true,"artpadredo":true,"artpadpixelplacer":true,"artpadppmovementmode":true,"artpadpencil":true,"artpadpaintbrush":true,"artpadlinetool":true,"artpadovaltool":true,"artpadrectangletool":true,"artpaderaser":true,"artpadfilltool":true,"artpadtexttool":true,"artpad4colorpallets":true,"artpad8colorpallets":true,"artpad16colorpallets":true,"artpad32colorpallets":true,"artpad64colorpallets":true,"artpad128colorpallets":true,"artpadcustompallets":true,"skinning":true,"alartpad":true,"shiftpanelbuttons":true,"resizablewindows":true,"changeosname":true,"systeminformation":true,"trmfiles":true,"shiftlauncheritems":true,"virusscanner":true,"vsremovalgrade1":true,"vsremovalgrade2":true,"vsremovalgrade3":true,"vsremovalgrade4":true,"appicons":true,"unitymode":true,"alunity":true,"zoomableterminal":true,"advancedshifter":true,"shiftsystemmenus":true,"alshiftnetapps":true,"setterminalcolors":true,"setterminalfont":true,"namechanger":true,"shiftnet":true,"desktopicons":true,"shiftdesktopicons":true,"otherplayerstory":false,"devxfurious":false,"aidennirh":false,"hacker101":false,"otherplayerrescue":false,"hacking":true,"hackcommand":true,"hackerbattles":true,"midgamebridge":true,"networkbrowser":true,"fancyeffects":true,"shiftfancyeffects":true,"iconmanager":true,"fsexternaldevices":true,"advanceddesktop":true,"useful":true,"fancy":false,"software":true,"holochat":true,"storycomplete":false,"nb_tier_easy":true,"nb_tier_medium":true,"nb_tier_hard":false}